Task Text,Category,Difficulty,Deadline (days),Time Taken (hours),Importance
those calculus problems from class no rush,Homework,Medium,7,1.7,Low
prep for databases quiz,Quiz,Easy,2,1.3,High
do CHEM hw,Homework,Medium,5,2.4,Medium
lit midterm prep this week,Exam,Hard,5,6.1,Medium
oh no bioo exam tmr study literally tonight,Exam,Medium,1,3.9,High
solve calc problems 6 to 8,Homework,Easy,7,1.3,Low
dbms exam study due tmr,Exam,Hard,2,5.4,High
review chemm for quiz,Quiz,Hard,1,2.9,High
oh no software quiz lol whenever,Quiz,Hard,7,2.3,Low
review everything for physics exam - this week,Exam,Hard,3,6.6,Medium
finish bioo project urgent!!,Project,Easy,1,2.2,High
chemm presentation slides need to finish,Project,Easy,3,3.1,Medium
stats exam tmr study whenever,Exam,Hard,7,5.3,Low
English final project tmr 😭,Project,Medium,1,3.2,High
review database for quiz gotta do this,Quiz,Medium,4,1.2,Medium
stat project draft v1 lol whenever,Project,Hard,6,6.5,Low
hw nets ch3-4,Homework,Hard,6,3.2,Low
DB exam study scheduled,Exam,Medium,4,4.4,Medium
CHEM group project presentation,Project,Hard,3,5.1,Medium
algebra quiz tmr,Quiz,Hard,2,2.4,High
software hw?? ch10,Homework,Medium,3,1.5,Medium
finish PHYS project no rush,Project,Hard,7,4.5,Low
STATS hw sheet 1,Homework,Easy,3,1.4,Medium
quick dbms quiz study,Quiz,Easy,5,1.0,Medium
hw bio ch5-6,Homework,Medium,3,1.9,Medium
networking project report urgent!!,Project,Easy,1,3.0,High
MATH quiz 9 tmr,Quiz,Easy,2,1.0,High
that phys assignment someday,Homework,Hard,7,3.3,Low
CS project draft v3,Project,Hard,7,5.6,Low
revise stats for final - this week,Exam,Medium,5,4.0,Medium
physics presentation slides,Project,Medium,3,3.0,Medium
solve stats problems 6 to 12 ASAP!!,Homework,Medium,1,1.5,High
all nighter for review everything for nets exam tonight rn,Exam,Hard,1,5.9,High
submit CHEM assignment need to finish,Homework,Medium,4,2.6,Medium
CHEM quiz (ch4-6) tmr,Quiz,Easy,1,0.7,High
code assignment ch6,Homework,Hard,5,5.0,Medium
prep for bioo quiz idk when,Quiz,Easy,7,1.0,Low
prep for eng quiz tmr,Quiz,Hard,1,1.8,High
study for db final,Exam,Medium,4,4.9,Medium
deep learning finals study session need to finish,Exam,Medium,5,4.4,Medium
study for code midterm,Exam,Hard,5,6.0,Medium
research report stats,Project,Medium,3,4.6,Medium
database exam practice no rush tho,Exam,Hard,7,5.5,Low
cramming phys exam due tmr,Exam,Medium,2,3.4,High
study STATS ch2 for exam,Exam,Hard,3,4.1,Medium
finish chemistry project,Project,Medium,4,3.1,Medium
oh no study for phys final DUE TOMORROW,Exam,Medium,2,5.0,High
phys final exam study,Exam,Hard,3,6.0,Medium
write MATH report need to finish,Project,Easy,4,1.9,Medium
finish CS hw literally tonight,Homework,Easy,1,1.1,High
databases midterm prep whenever,Exam,Easy,6,2.0,Low
study for eng final need to finish,Exam,Hard,4,4.6,Medium
that big db project,Project,Hard,6,4.8,Low
network project draft v5,Project,Hard,5,4.4,Medium
quick comp sci quiz study,Quiz,Medium,6,0.5,Low
oh no code quiz,Quiz,Hard,5,2.1,Medium
writing hw problems 3-5 !!,Homework,Hard,2,3.2,High
write chemistry report - this week,Project,Hard,3,6.2,Medium
eng quiz prep gotta do this,Quiz,Hard,4,2.0,Medium
chemistry final project,Project,Hard,5,6.3,Medium
that Physics assignment,Homework,Easy,7,1.3,Low
revise for bio quiz tmr,Quiz,Medium,2,1.6,High
that big networking project no rush tho,Project,Hard,7,6.0,Low
programming exam study,Exam,Easy,7,3.9,Low
BIO exercises ch8 lol whenever,Homework,Easy,6,1.8,Low
the calc project thing this week,Project,Medium,5,3.1,Medium
study DB ch3 for exam need to finish,Exam,Medium,5,5.5,Medium
study for software midterm,Exam,Hard,5,4.2,Medium
need to review network for midterm,Exam,Hard,5,5.0,Medium
review programming for quiz whenever,Quiz,Medium,6,1.3,Low
that networks quiz tonight,Quiz,Hard,2,2.5,High
oh no coding quiz lol whenever,Quiz,Medium,6,1.1,Low
deep learning lab report due tmr!!,Project,Medium,2,2.6,High
finish maths assignment due tmr,Homework,Hard,1,4.5,High
DB quiz idk what chapters someday,Quiz,Easy,6,1.5,Low
code finals study session working on it,Exam,Medium,4,4.2,Medium
submit ml assignment,Homework,Easy,6,1.4,Low
lit exam tmr study idk when,Exam,Hard,7,5.8,Low
nets hw problems 2-4,Homework,Easy,5,0.9,Medium
oh no databases quiz - low priority,Quiz,Hard,6,2.3,Low
mini test Bio no rush tho,Quiz,Medium,7,1.2,Low
math quiz practice no rush tho,Quiz,Medium,7,0.8,Low
Bio project report,Project,Medium,4,3.3,Medium
review Stats for quiz tomorrow 😭,Quiz,Medium,1,0.6,High
the databases project thing idk when,Project,Medium,6,4.8,Low
MATH quiz eventually lol,Quiz,Easy,7,0.7,Low
study ML ch9 for exam,Exam,Medium,6,4.7,Low
review networking for quiz tmr!!,Quiz,Easy,2,0.8,High
machine learning final project - this week,Project,Hard,5,5.4,Medium
research report chemistry this week,Project,Medium,5,3.7,Medium
that nets quiz,Quiz,Hard,5,2.4,Medium
solve networking problems 6 to 10 lol whenever,Homework,Medium,6,3.1,Low
networks quiz idk what chapters lol whenever,Quiz,Easy,6,1.0,Low
hw English ch2-3 eventually lol,Homework,Hard,6,3.1,Low
finish English assignment working on it,Homework,Medium,4,1.5,Medium
phys problem set 8 !!,Homework,Easy,2,2.0,High
STATS project submission working on it,Project,Medium,4,2.5,Medium
that big DB project,Project,Hard,3,5.1,Medium
database assignment idk which one,Homework,Medium,3,1.8,Medium
study for networks midterm working on it,Exam,Medium,4,4.0,Medium
algebra test working on it,Quiz,Medium,5,1.5,Medium
database test working on it,Quiz,Medium,4,1.7,Medium
study for machine learning exam,Exam,Hard,6,5.7,Low
calculus quiz 7 - low priority,Quiz,Medium,7,0.6,Low
ugh physics quiz,Quiz,Hard,6,3.0,Low
Stats hw ch2 need to finish,Homework,Medium,5,3.2,Medium
stat quiz prep,Quiz,Hard,6,2.2,Low
biology hw (the hard one) ASAP!!,Homework,Medium,2,2.9,High
study for databases final ASAP!!,Exam,Hard,1,5.9,High
submit ml project this week,Project,Medium,5,4.9,Medium
research report English,Project,Hard,4,6.0,Medium
mini test ai,Quiz,Hard,6,1.9,Low
calculus project draft v1,Project,Medium,6,4.9,Low
BIO homework ch10 DUE TOMORROW,Homework,Easy,2,1.4,High
database midterm prep,Exam,Hard,3,4.4,Medium
statistics project draft v2,Project,Medium,7,4.9,Low
group project Physics - this week,Project,Hard,5,5.9,Medium
review phys notes for exam someday,Exam,Medium,7,5.1,Low
😭 study for networking final tmr!!,Exam,Hard,2,6.8,High
AI group project presentation,Project,Hard,5,4.5,Medium
coding finals study session whenever,Exam,Medium,6,4.8,Low
😭 nets midterm prep - due tomorrow,Exam,Easy,2,2.5,High
code slides tonight,Project,Hard,1,6.2,High
MATH final exam study someday,Exam,Hard,7,4.5,Low
those Physics problems from class need to finish,Homework,Medium,5,2.8,Medium
stat quiz idk what chapters tmr,Quiz,Easy,1,0.9,High
biology test - low priority,Quiz,Medium,6,1.0,Low
study for Bio midterm eventually lol,Exam,Hard,6,5.6,Low
finish calc hw literally tonight,Homework,Easy,2,1.5,High
revise ML for final due tonight,Exam,Easy,2,2.6,High
hw nets ch3-4 someday,Homework,Medium,6,2.4,Low
revise for DB quiz tomorrow 😭,Quiz,Medium,2,1.3,High
phys presentation slides gotta do this,Project,Easy,4,2.0,Medium
ppt for db project no rush tho,Project,Medium,6,5.2,Low
programming project research,Project,Hard,5,5.2,Medium
hw coding ch2-3 lol whenever,Homework,Medium,7,1.6,Low
STATS finals study session tomorrow 😭,Exam,Hard,1,5.2,High
those english problems from class,Homework,Medium,7,2.0,Low
STATS exam revision idk when,Exam,Easy,7,3.3,Low
study for CHEM exam,Exam,Hard,5,5.3,Medium
statistics quiz (ch1-3) this week,Quiz,Medium,4,1.6,Medium
study for chemistry quiz,Quiz,Hard,6,2.2,Low
comp sci project (group work) no rush tho,Project,Medium,7,4.2,Low
Physics pop quiz whenever,Quiz,Hard,6,2.3,Low
calculus hw ch3 literally tonight,Homework,Hard,2,4.0,High
review everything for STATS exam gotta do this,Exam,Hard,3,5.3,Medium
solve MATH problems 5 to 7,Homework,Medium,4,2.6,Medium
quiz review english this week,Quiz,Easy,5,1.2,Medium
CS test tmr,Quiz,Easy,2,0.9,High
stats final project ASAP,Project,Hard,1,4.4,High
stat project report,Project,Easy,2,2.0,High
mini test chemistry tmr!!,Quiz,Easy,1,0.6,High
quick bio quiz study tomorrow 😭,Quiz,Hard,1,2.9,High
finish lit hw idk when,Homework,Hard,6,3.7,Low
ml homework problems whenever,Homework,Hard,6,3.3,Low
chem project report,Project,Medium,5,3.9,Medium
review everything for database exam - this week,Exam,Hard,5,6.8,Medium
machine learning project research tonight,Project,Hard,2,5.4,High
Bio quiz (ch8-10) tonight,Quiz,Easy,1,1.4,High
dbms quiz ch8 eventually lol,Quiz,Easy,6,1.4,Low
stat quiz (ch6-8) eventually lol,Quiz,Medium,7,1.5,Low
work on PHYS project,Project,Medium,6,4.8,Low
prep for statistics midterm someday,Exam,Hard,6,4.6,Low
phys report draft,Project,Medium,4,2.8,Medium
those ai problems from class,Homework,Hard,3,4.1,Medium
group project AI urgent!!,Project,Medium,1,3.4,High
gotta study BIO exam,Exam,Hard,4,4.3,Medium
submit ml assignment ASAP!!,Homework,Hard,1,3.8,High
mini test network - this week,Quiz,Hard,4,2.6,Medium
that db assignment,Homework,Medium,5,3.4,Medium
study ml ch4 for exam tonight rn,Exam,Medium,2,3.6,High
cramming networks exam this week,Exam,Hard,3,6.6,Medium
study for calculus midterm - this week,Exam,Hard,5,4.8,Medium
do the ML hw gotta do this,Homework,Medium,4,2.5,Medium
that database quiz,Quiz,Easy,4,0.8,Medium
hw stat ch6-7 need to finish,Homework,Medium,3,2.4,Medium
the ml project thing tonight,Project,Medium,2,5.4,High
stat hw (the hard one) scheduled,Homework,Medium,5,2.4,Medium
finish phys assignment this week,Homework,Easy,4,0.8,Medium
CHEM weekly quiz tomorrow 😭,Quiz,Easy,1,1.3,High
work on stat project need to finish,Project,Hard,4,5.8,Medium
hw dbms ch10-11 lol whenever,Homework,Hard,7,4.6,Low
revise for phys quiz someday,Quiz,Hard,7,2.3,Low
gotta study physics exam,Exam,Medium,6,5.0,Low
study for BIO exam tonight rn,Exam,Medium,1,4.7,High
finish chemm hw,Homework,Medium,7,2.3,Low
write chemm report no rush tho,Project,Medium,7,3.7,Low
study for calculus quiz,Quiz,Medium,2,1.8,High
submit networks project gotta do this,Project,Hard,3,4.5,Medium
physics homework problems,Homework,Medium,4,2.9,Medium
group project chemistry due tmr!!,Project,Hard,2,5.2,High
hw AI ch10-11 tomorrow 😭,Homework,Medium,2,2.8,High
study for deep learning final working on it,Exam,Hard,3,6.9,Medium
forgot about revise STATS for final literally tonight,Exam,Hard,1,5.7,High
networking project draft v4,Project,Easy,3,2.3,Medium
ugh calculus quiz need to finish,Quiz,Easy,4,1.4,Medium
networks homework problems,Homework,Hard,5,5.0,Medium
stats hw ch2 no rush tho,Homework,Medium,7,2.2,Low
Networks final exam study working on it,Exam,Easy,3,2.6,Medium
ppt for english project tonight,Project,Medium,2,3.0,High
review chem for quiz tomorrow 😭,Quiz,Hard,1,2.2,High
quick maths quiz study,Quiz,Easy,3,1.4,Medium
Physics problem set 5 tomorrow 😭,Homework,Medium,1,3.4,High
study Physics ch9 for exam,Exam,Medium,3,3.2,Medium
code test tomorrow 😭,Quiz,Medium,2,0.6,High
finish networking hw this week,Homework,Easy,4,0.7,Medium
chemistry problem set 2,Homework,Medium,7,3.3,Low
that ML quiz tmr!!,Quiz,Hard,1,2.0,High
work on Networks project,Project,Medium,5,3.9,Medium
bioo hw?? ch3 gotta do this,Homework,Hard,4,4.1,Medium
cramming MATH exam someday,Exam,Easy,7,3.7,Low
write stat report,Project,Hard,2,6.8,High
oh no databases quiz no rush,Quiz,Easy,7,0.8,Low
finish CHEM project working on it,Project,Hard,4,5.4,Medium
network assignment ch3 DUE TOMORROW,Homework,Medium,2,2.1,High
FINAL EXAM programming,Exam,Medium,3,3.2,Medium
networking project draft v2 tmr 😭,Project,Easy,2,2.3,High
quick bioo quiz study,Quiz,Hard,3,2.3,Medium
calculus finals study session,Exam,Medium,6,4.4,Low
databases group project presentation gotta do this,Project,Hard,3,5.6,Medium
review calc for quiz,Quiz,Easy,5,1.1,Medium
review Bio notes for exam no rush tho,Exam,Medium,6,4.3,Low
review everything for ml exam this week,Exam,Easy,5,2.8,Medium
quick writing quiz study tmr,Quiz,Medium,1,1.3,High
ppt for chemm project ASAP,Project,Medium,1,4.7,High
quiz review ml,Quiz,Hard,1,2.6,High
study for ml midterm - due tomorrow,Exam,Hard,2,6.2,High
BIO quiz idk what chapters need to finish,Quiz,Hard,4,1.6,Medium
MATH exam tmr study idk when,Exam,Easy,7,3.5,Low
networking finals study session,Exam,Hard,4,6.1,Medium
chemm hw sheet 8,Homework,Hard,5,4.4,Medium
code project submission ASAP,Project,Medium,2,4.8,High
STATS slides tmr 😭,Project,Medium,1,5.2,High
do stat hw this week,Homework,Hard,4,3.5,Medium
quick networks quiz study,Quiz,Easy,6,0.5,Low
that bio assignment,Homework,Hard,4,2.5,Medium
code hw?? ch10 need to finish,Homework,Hard,5,4.6,Medium
PHYS quiz ch10 tmr,Quiz,Hard,1,2.7,High
review calculus for quiz gotta do this,Quiz,Hard,3,2.4,Medium
db project draft v4,Project,Hard,5,6.1,Medium
stat exam tmr study,Exam,Medium,5,3.8,Medium
review stats for quiz idk when,Quiz,Easy,7,1.4,Low
those english problems from class scheduled,Homework,Medium,5,2.7,Medium
prep for coding midterm someday,Exam,Medium,6,4.3,Low
CS homework ch9 tmr!!,Homework,Easy,1,1.5,High
Bio problem set 2,Homework,Medium,3,3.4,Medium
research report Bio,Project,Medium,4,5.4,Medium
work on machine learning project,Project,Hard,1,6.4,High
algebra hw sheet 7 due tonight,Homework,Easy,2,1.1,High
cramming nets exam tmr help,Exam,Medium,2,4.1,High
DB report draft,Project,Hard,5,5.0,Medium
dbms homework problems eventually lol,Homework,Easy,6,1.7,Low
solve dbms problems 4 to 7,Homework,Easy,7,1.3,Low
that statistics quiz this week,Quiz,Hard,5,2.6,Medium
stats homework ch2 - this week,Homework,Easy,4,0.9,Medium
dbms exercises ch2 due tmr,Homework,Hard,2,3.0,High
bioo project submission,Project,Easy,5,2.9,Medium
databases quiz prep idk when,Quiz,Easy,7,1.3,Low
study statistics ch4 for exam no rush tho,Exam,Hard,6,4.1,Low
review everything for machine learning exam - due tomorrow,Exam,Hard,2,6.7,High
forgot about study PHYS ch10 for exam tonight rn,Exam,Medium,1,3.7,High
finish software hw working on it,Homework,Hard,5,4.3,Medium
the Networks project thing,Project,Medium,1,5.0,High
dbms quiz prep,Quiz,Hard,6,2.9,Low
finish Stats hw,Homework,Easy,6,0.6,Low
finish Bio hw - due tomorrow,Homework,Hard,2,4.2,High
research report MATH urgent!!,Project,Medium,1,2.6,High
CS final project need to finish,Project,Easy,5,3.5,Medium
MATH quiz practice need to finish,Quiz,Easy,3,0.8,Medium
revise database for final idk when,Exam,Hard,6,5.4,Low
group project Stats urgent!!,Project,Hard,1,4.9,High
biology exercises ch4 tmr help,Homework,Medium,2,2.3,High
CHEM problem set 5 asap,Homework,Hard,2,4.0,High
coding exercises ch10 - this week,Homework,Medium,4,2.0,Medium
that big deep learning project,Project,Medium,3,4.9,Medium
the English project thing eventually lol,Project,Hard,7,5.4,Low
lit slides tmr 😭,Project,Hard,2,5.5,High
Stats quiz prep,Quiz,Easy,5,1.2,Medium
ugh chemm quiz tmr!!,Quiz,Easy,2,0.9,High
DB hw (the hard one) working on it,Homework,Medium,3,2.0,Medium
dbms exam revision no rush tho,Exam,Easy,7,2.3,Low
study for ml final,Exam,Hard,3,6.1,Medium
nets assignment idk which one,Homework,Easy,3,1.9,Medium
ugh phys quiz,Quiz,Easy,1,1.1,High
MATH lab report tmr 😭,Project,Hard,2,4.9,High
work on Networks project,Project,Medium,1,5.1,High
finish Chem hw gotta do this,Homework,Hard,5,4.3,Medium
that bioo quiz,Quiz,Medium,2,1.9,High
phys assignment idk which one,Homework,Easy,4,0.8,Medium
STATS assignment idk which one - low priority,Homework,Hard,6,4.8,Low
hw stat ch3-4 this week,Homework,Medium,4,2.5,Medium
Stats presentation slides ASAP,Project,Hard,2,6.3,High
review coding notes for exam eventually lol,Exam,Medium,6,4.2,Low
study for ml final,Exam,Easy,4,3.6,Medium
quick Physics quiz study this week,Quiz,Medium,4,1.4,Medium
db quiz (ch6-8) idk when,Quiz,Easy,7,1.1,Low
eng assignment ch5 idk when,Homework,Easy,7,0.5,Low
ppt for STATS project,Project,Medium,6,4.5,Low
Math report draft ASAP,Project,Medium,1,5.1,High
algebra assignment idk which one eventually lol,Homework,Hard,6,4.3,Low
need to review network for midterm,Exam,Easy,5,2.9,Medium
PHYS quiz,Quiz,Easy,3,1.0,Medium
chemm project submission this week,Project,Hard,3,5.3,Medium
quiz review databases,Quiz,Medium,6,1.4,Low
revise network for final gotta do this,Exam,Hard,5,4.4,Medium
algebra exercises ch4 due tmr,Homework,Medium,1,1.7,High
PHYS finals study session working on it,Exam,Medium,5,3.0,Medium
study for writing midterm,Exam,Hard,4,6.9,Medium
finish db project ASAP,Project,Medium,1,4.3,High
quick Bio quiz study,Quiz,Easy,5,1.2,Medium
bioo project submission ASAP,Project,Medium,2,3.3,High
the databases project thing need to finish,Project,Medium,4,4.6,Medium
BIO assignment ch6 no rush,Homework,Hard,6,2.9,Low
writing hw problems 9-11,Homework,Medium,7,2.2,Low
bioo project draft v5 - low priority,Project,Hard,7,5.5,Low
dbms midterm prep tmr!!,Exam,Hard,2,4.1,High
physics problem set 8 whenever,Homework,Easy,7,1.0,Low
that Networks assignment DUE TOMORROW,Homework,Medium,2,1.5,High
study for Physics midterm,Exam,Hard,7,6.4,Low
study for chemm final - low priority,Exam,Hard,6,6.4,Low
submit Math project tonight,Project,Medium,2,4.3,High
AI project research tonight,Project,Easy,2,3.7,High
write PHYS report tmr 😭,Project,Medium,1,2.5,High
that cs quiz,Quiz,Medium,3,1.3,Medium
Bio assignment idk which one - due tomorrow,Homework,Medium,2,1.8,High
Bio quiz idk what chapters gotta do this,Quiz,Hard,5,2.5,Medium
network midterm prep,Exam,Medium,4,3.2,Medium
English exam practice working on it,Exam,Medium,4,3.7,Medium
nets hw problems 10-13 tomorrow 😭,Homework,Hard,2,5.0,High
network hw?? ch6 whenever,Homework,Medium,6,2.9,Low
hw ML ch8-9,Homework,Easy,6,0.6,Low
work on dbms project due tmr!!,Project,Easy,1,2.2,High
network hw?? ch4 gotta do this,Homework,Hard,4,3.4,Medium
quick algebra quiz study,Quiz,Medium,6,1.9,Low
review machine learning notes for exam,Exam,Medium,6,3.7,Low
submit AI assignment due tonight,Homework,Easy,1,1.2,High
bioo assignment ch2 gotta do this,Homework,Hard,4,4.9,Medium
gotta study cs exam !!,Exam,Hard,1,4.7,High
forgot about study networks ch9 for exam tmr!!,Exam,Easy,1,2.8,High
math group project presentation tonight,Project,Hard,1,6.5,High
maths finals study session working on it,Exam,Medium,4,5.0,Medium
cramming network exam idk when,Exam,Hard,6,6.9,Low
ml hw sheet 10 working on it,Homework,Medium,4,2.1,Medium
networking project report lol whenever,Project,Hard,7,6.2,Low
FINAL EXAM AI,Exam,Easy,4,2.4,Medium
panic mode: cramming machine learning exam DUE TOMORROW,Exam,Hard,1,5.4,High
solve coding problems 10 to 12 no rush tho,Homework,Hard,7,4.1,Low
that nets assignment asap,Homework,Medium,2,2.5,High
study for Chem final working on it,Exam,Hard,5,4.1,Medium
those network problems from class ASAP!!,Homework,Hard,2,4.3,High
quiz review Math ASAP,Quiz,Medium,1,0.6,High
ugh programming quiz this week,Quiz,Hard,4,2.6,Medium
Networks test study,Exam,Easy,6,2.2,Low
cramming AI exam scheduled,Exam,Hard,5,5.6,Medium
stats project report ASAP,Project,Medium,2,2.5,High
that comp sci quiz ASAP,Quiz,Medium,1,1.2,High
mini test statistics need to finish,Quiz,Medium,5,0.9,Medium
study for lit midterm,Exam,Hard,5,6.4,Medium
💀 cramming physics exam - due tomorrow,Exam,Medium,2,4.9,High
Stats homework ch2 need to finish,Homework,Medium,4,2.4,Medium
cs project research this week,Project,Hard,4,5.6,Medium
physics pop quiz,Quiz,Medium,4,1.3,Medium
CHEM quiz prep - this week,Quiz,Easy,4,0.9,Medium
PHYS exam study,Exam,Hard,3,6.5,Medium
physics quiz practice,Quiz,Easy,4,0.8,Medium
statistics exam practice eventually lol,Exam,Hard,6,4.1,Low
BIO test study tmr help,Exam,Medium,1,4.6,High
biology presentation slides eventually lol,Project,Hard,7,4.5,Low
ugh english quiz this week,Quiz,Medium,4,1.9,Medium
chem lab report,Project,Medium,2,3.8,High
databases homework ch8 tmr!!,Homework,Hard,1,3.0,High
work on networks project,Project,Hard,2,5.3,High
study statistics ch8 for exam,Exam,Hard,3,4.9,Medium
BIO lab report,Project,Easy,6,2.7,Low
HELP machine learning exam practice ASAP!!,Exam,Medium,2,3.5,High
finish programming project urgent!!,Project,Medium,1,3.9,High
review dbms for quiz tmr!!,Quiz,Easy,1,1.5,High
ai final project tmr 😭,Project,Hard,2,5.4,High
math pop quiz scheduled,Quiz,Easy,3,1.3,Medium
study for ml quiz,Quiz,Easy,3,1.3,Medium
HELP stat final exam study literally tonight,Exam,Medium,2,3.4,High
Stats slides eventually lol,Project,Medium,6,4.7,Low
study for english exam someday,Exam,Medium,6,3.4,Low
review everything for bio exam asap,Exam,Hard,2,6.4,High
revise bioo for final,Exam,Medium,4,3.3,Medium
DB project submission,Project,Hard,5,4.0,Medium
study for English final - this week,Exam,Hard,4,4.6,Medium
submit chemistry assignment eventually lol,Homework,Easy,6,1.9,Low
revise for AI quiz whenever,Quiz,Easy,7,1.2,Low
that big lit project tonight,Project,Medium,2,4.2,High
that deep learning quiz,Quiz,Easy,4,1.3,Medium
hw databases ch8-9 eventually lol,Homework,Medium,6,3.0,Low
code midterm prep asap,Exam,Easy,1,3.7,High
ppt for chemm project this week,Project,Medium,4,5.1,Medium
lit project (group work) working on it,Project,Hard,3,6.6,Medium
ml hw (the hard one) due tmr,Homework,Easy,2,0.9,High
study for PHYS quiz,Quiz,Easy,1,0.7,High
hw network ch1-2,Homework,Medium,4,3.2,Medium
that big English project gotta do this,Project,Hard,3,6.5,Medium
research report coding - this week,Project,Medium,3,3.6,Medium
solve physics problems 4 to 9 !!,Homework,Easy,2,1.0,High
bioo assignment idk which one - this week,Homework,Medium,4,2.3,Medium
hw db ch1-2 gotta do this,Homework,Easy,3,1.8,Medium
phys pop quiz scheduled,Quiz,Hard,4,1.5,Medium
write networks report,Project,Hard,3,5.4,Medium
revise for Bio quiz,Quiz,Easy,6,1.1,Low
db project report idk when,Project,Medium,6,5.0,Low
quiz review Math tmr!!,Quiz,Easy,2,0.8,High
bio problem set 7,Homework,Medium,3,3.3,Medium
cramming deep learning exam scheduled,Exam,Easy,5,3.3,Medium
PHYS exam practice,Exam,Hard,4,4.3,Medium
mini test bio,Quiz,Medium,4,1.6,Medium
work on dbms project,Project,Easy,4,3.5,Medium
machine learning homework problems literally tonight,Homework,Medium,1,2.2,High
finish network hw lol whenever,Homework,Hard,6,4.8,Low
Math problem set 10,Homework,Hard,7,4.7,Low
chemistry quiz idk what chapters no rush,Quiz,Easy,6,0.8,Low
DB slides eventually lol,Project,Easy,7,2.5,Low
chem finals study session,Exam,Hard,6,4.5,Low
code exam revision - this week,Exam,Hard,4,6.1,Medium
those chemm problems from class,Homework,Medium,5,3.0,Medium
phys group project presentation tonight,Project,Medium,2,2.8,High
math lab report,Project,Medium,4,3.8,Medium
forgot about phys exam practice DUE TOMORROW,Exam,Hard,1,5.3,High
ml test whenever,Quiz,Easy,6,1.3,Low
AI quiz idk what chapters,Quiz,Easy,3,1.3,Medium
Networks problem set 3 someday,Homework,Medium,6,3.4,Low
chemm hw (the hard one) eventually lol,Homework,Medium,7,3.4,Low
nets project draft v3 due tmr!!,Project,Easy,2,3.3,High
STATS homework ch10 whenever,Homework,Easy,7,0.9,Low
study for Physics midterm - this week,Exam,Hard,3,6.0,Medium
review software for quiz tomorrow 😭,Quiz,Medium,1,1.1,High
submit MATH assignment,Homework,Medium,6,2.4,Low
ml project research someday,Project,Hard,6,6.3,Low
biology project research,Project,Easy,1,2.9,High
chem report draft,Project,Medium,4,2.6,Medium
mini test Physics,Quiz,Medium,5,1.3,Medium
review calculus notes for exam need to finish,Exam,Hard,4,4.9,Medium
network quiz idk what chapters whenever,Quiz,Medium,6,0.9,Low
finish stats hw eventually lol,Homework,Medium,7,2.9,Low
prep for stat quiz,Quiz,Easy,7,1.4,Low
that big physics project eventually lol,Project,Hard,6,4.1,Low
study for ML midterm working on it,Exam,Hard,4,6.3,Medium
bioo quiz (ch7-9) no rush tho,Quiz,Easy,7,1.1,Low
work on eng project,Project,Medium,4,5.3,Medium
CS hw ch9 - due tomorrow,Homework,Medium,1,1.7,High
nets exam revision - this week,Exam,Hard,5,6.9,Medium
english exercises ch7,Homework,Hard,7,4.5,Low
Physics exercises ch9 literally tonight,Homework,Easy,1,1.9,High
chemistry test,Quiz,Medium,4,0.6,Medium
FINAL EXAM Bio due tmr,Exam,Medium,2,5.3,High
chem project submission,Project,Medium,2,3.7,High
chemm slides,Project,Medium,4,3.2,Medium
write algebra report this week,Project,Medium,5,2.9,Medium
the biology project thing ASAP,Project,Medium,2,4.8,High
BIO exam study,Exam,Hard,5,5.1,Medium
Bio exam study working on it,Exam,Medium,5,3.7,Medium
the lit project thing,Project,Easy,6,1.6,Low
solve software problems 8 to 12 working on it,Homework,Medium,4,2.5,Medium
bio quiz 9 this week,Quiz,Easy,4,0.8,Medium
do the math hw,Homework,Medium,3,2.8,Medium
FINAL EXAM chem,Exam,Hard,7,4.6,Low
review machine learning for quiz need to finish,Quiz,Hard,5,1.8,Medium
software exam study - low priority,Exam,Hard,7,5.0,Low
URGENT: FINAL EXAM nets tmr help,Exam,Hard,1,4.5,High
database hw sheet 9 idk when,Homework,Easy,7,1.9,Low
research report ai,Project,Hard,6,4.1,Low
PHYS project submission,Project,Hard,7,6.4,Low
write math report due tmr!!,Project,Easy,1,2.7,High
bioo project draft v1,Project,Hard,5,5.1,Medium
solve ai problems 2 to 7,Homework,Hard,7,4.1,Low
hw English ch3-4,Homework,Medium,3,3.0,Medium
Bio lab report,Project,Medium,6,4.0,Low
ugh networks quiz,Quiz,Medium,6,1.4,Low
quick machine learning quiz study,Quiz,Medium,4,1.8,Medium
hw eng ch10-11 whenever,Homework,Hard,7,4.9,Low
cramming Stats exam literally tonight,Exam,Hard,2,6.4,High
study for stats midterm need to finish,Exam,Hard,4,4.5,Medium
oh no bioo quiz need to finish,Quiz,Medium,3,1.1,Medium
english test tomorrow 😭,Quiz,Easy,2,1.4,High
HELP review Bio notes for exam due tonight,Exam,Easy,2,3.7,High
biology project draft v3 ASAP,Project,Hard,1,6.6,High
DB midterm prep !!,Exam,Hard,2,4.6,High
lit hw sheet 4,Homework,Hard,4,3.9,Medium
bioo weekly quiz tomorrow 😭,Quiz,Medium,2,1.5,High
math exercises ch7 ASAP!!,Homework,Medium,1,3.1,High
chemm project (group work) due tmr!!,Project,Medium,2,2.9,High
deep learning pop quiz,Quiz,Medium,5,1.3,Medium
FINAL EXAM physics tmr help,Exam,Medium,1,4.3,High
stats exam study,Exam,Medium,7,4.2,Low
coding final project urgent!!,Project,Medium,1,4.6,High
ml quiz,Quiz,Medium,3,1.1,Medium
cramming STATS exam - low priority,Exam,Medium,6,5.4,Low
all nighter for need to review database for midterm asap,Exam,Medium,1,5.3,High
research report biology,Project,Hard,3,5.3,Medium
submit cs assignment,Homework,Medium,3,2.2,Medium
comp sci homework ch4 lol whenever,Homework,Medium,7,3.5,Low
finish STATS assignment someday,Homework,Hard,7,4.2,Low
submit AI assignment asap,Homework,Medium,1,3.0,High
math project draft v2,Project,Hard,7,5.9,Low
DB test - this week,Quiz,Hard,4,1.7,Medium
finish code hw tmr!!,Homework,Medium,2,2.8,High
hw ai ch2-3 no rush,Homework,Medium,6,1.8,Low
Stats hw ch4 - due tomorrow,Homework,Easy,2,1.5,High
STATS report draft no rush,Project,Medium,6,2.8,Low
quiz review biology lol whenever,Quiz,Easy,7,0.9,Low
eng presentation slides,Project,Medium,3,5.1,Medium
ai quiz ch3,Quiz,Hard,5,2.6,Medium
lit lab report ASAP,Project,Hard,2,4.4,High
💀 study for phys midterm DUE TOMORROW,Exam,Hard,2,6.0,High
review writing notes for exam - this week,Exam,Hard,4,4.9,Medium
FINAL EXAM networks scheduled,Exam,Medium,3,3.8,Medium
finish Physics project ASAP,Project,Easy,2,2.5,High
hw comp sci ch9-10,Homework,Hard,6,3.5,Low
Networks problem set 10 asap,Homework,Hard,1,3.8,High
STATS homework problems tmr!!,Homework,Easy,1,1.7,High
review MATH notes for exam,Exam,Easy,7,3.0,Low
machine learning project research,Project,Medium,4,5.5,Medium
do the stats hw lol whenever,Homework,Hard,6,4.1,Low
software exam study whenever,Exam,Medium,7,3.9,Low
mini test Chem tmr,Quiz,Hard,1,1.8,High
HELP English finals study session - due tomorrow,Exam,Hard,1,6.1,High
ai hw problems 6-10 - this week,Homework,Hard,4,4.7,Medium
Stats quiz prep,Quiz,Hard,1,2.9,High
quiz review lit,Quiz,Easy,7,0.5,Low
omg Physics midterm prep tonight rn,Exam,Easy,1,2.6,High
chemm midterm prep,Exam,Hard,5,4.8,Medium
mini test CHEM someday,Quiz,Medium,7,0.6,Low
PHYS exam study no rush,Exam,Hard,6,6.6,Low
code quiz idk what chapters,Quiz,Easy,5,0.9,Medium
English assignment idk which one due tonight,Homework,Medium,2,1.7,High
eng quiz (ch1-3) tonight,Quiz,Easy,2,0.8,High
finish programming assignment asap,Homework,Hard,1,3.2,High
study for stats quiz tonight,Quiz,Easy,1,1.0,High
chemistry hw ch1 idk when,Homework,Medium,6,2.6,Low
review everything for eng exam,Exam,Easy,5,2.9,Medium
coding assignment ch6,Homework,Easy,4,0.9,Medium
writing exam practice - low priority,Exam,Medium,7,4.1,Low
BIO quiz tmr!!,Quiz,Hard,1,2.7,High
dbms assignment idk which one working on it,Homework,Medium,5,1.6,Medium
💀 review everything for lit exam tomorrow 😭,Exam,Hard,1,6.2,High
submit code assignment !!,Homework,Easy,1,1.8,High
Bio quiz idk what chapters someday,Quiz,Medium,7,0.7,Low
bioo problem set 4,Homework,Hard,6,3.5,Low
ppt for networking project,Project,Medium,5,4.9,Medium
study for database quiz this week,Quiz,Easy,4,0.6,Medium
algebra exam practice working on it,Exam,Medium,4,5.4,Medium
do the chem hw due tonight,Homework,Hard,2,4.0,High
ai report draft,Project,Easy,4,3.4,Medium
MATH slides - this week,Project,Hard,3,5.4,Medium
physics problem set 7 tmr!!,Homework,Medium,1,2.9,High
oh no maths exam tmr study tonight rn,Exam,Hard,1,6.7,High
CS exercises ch2 asap,Homework,Medium,2,3.0,High
cramming nets exam,Exam,Medium,4,4.1,Medium
study for Stats exam need to finish,Exam,Hard,3,5.8,Medium
that code quiz no rush,Quiz,Medium,7,0.6,Low
quick BIO quiz study tomorrow 😭,Quiz,Easy,2,0.5,High
bioo assignment ch9 no rush tho,Homework,Easy,7,0.7,Low
stat hw problems 3-7 whenever,Homework,Easy,7,1.5,Low
deep learning exam practice,Exam,Hard,7,5.9,Low
cs pop quiz gotta do this,Quiz,Easy,4,1.4,Medium
eng quiz,Quiz,Easy,4,1.2,Medium
research report Stats,Project,Easy,6,2.5,Low
prep for ML quiz no rush,Quiz,Medium,7,1.0,Low
finish comp sci assignment,Homework,Easy,3,0.8,Medium
Math homework ch1 eventually lol,Homework,Hard,7,4.7,Low
the STATS project thing tonight,Project,Hard,2,5.0,High
HELP study for stat exam tonight rn,Exam,Hard,2,6.3,High
submit MATH project tmr 😭,Project,Hard,2,6.3,High
physics quiz ch5 lol whenever,Quiz,Easy,6,1.1,Low
do english hw,Homework,Easy,7,0.8,Low
finish cs assignment gotta do this,Homework,Hard,3,3.3,Medium
URGENT: need to review eng for midterm asap,Exam,Hard,2,6.9,High
networking final project - this week,Project,Medium,5,4.2,Medium
cramming networks exam,Exam,Medium,5,5.0,Medium
stat pop quiz need to finish,Quiz,Hard,4,2.7,Medium
oh no DB quiz - low priority,Quiz,Medium,6,1.5,Low
omg FINAL EXAM AI due tonight,Exam,Hard,1,4.3,High
chemm quiz (ch7-9) ASAP,Quiz,Easy,1,1.2,High
prep for database midterm asap,Exam,Medium,2,3.1,High
forgot about study Physics ch7 for exam !!,Exam,Medium,1,5.4,High
all nighter for review everything for DB exam tomorrow 😭,Exam,Hard,2,5.8,High
calc project (group work) whenever,Project,Hard,6,4.2,Low
code project research need to finish,Project,Hard,4,4.9,Medium
English project report this week,Project,Medium,3,3.6,Medium
stat report draft ASAP,Project,Hard,2,4.9,High
that physics assignment whenever,Homework,Easy,7,1.1,Low
chem project (group work) urgent!!,Project,Hard,2,6.7,High
STATS pop quiz someday,Quiz,Medium,6,1.1,Low
the network project thing due tmr!!,Project,Medium,1,2.9,High
that BIO quiz,Quiz,Medium,7,0.5,Low
study for dbms midterm this week,Exam,Hard,4,4.9,Medium
bio quiz idk what chapters - low priority,Quiz,Hard,6,2.0,Low
research report PHYS,Project,Hard,2,4.1,High
mini test bioo scheduled,Quiz,Easy,3,0.8,Medium
research report Bio tmr 😭,Project,Hard,1,5.4,High
FINAL EXAM machine learning,Exam,Easy,3,3.8,Medium
lit assignment ch5 gotta do this,Homework,Medium,3,2.9,Medium
oh no coding quiz idk when,Quiz,Hard,6,2.6,Low
study for bio midterm,Exam,Medium,3,3.6,Medium
ugh programming quiz tmr!!,Quiz,Hard,2,2.5,High
PHYS exam revision lol whenever,Exam,Hard,6,4.1,Low
biology lab report,Project,Hard,6,5.4,Low
phys hw sheet 6 gotta do this,Homework,Hard,5,4.1,Medium
oh no nets quiz,Quiz,Medium,4,0.9,Medium
Physics report draft,Project,Hard,1,6.8,High
quiz review database - this week,Quiz,Medium,4,1.3,Medium
panic mode: CS finals study session literally tonight,Exam,Hard,1,4.5,High
oh no Chem quiz someday,Quiz,Medium,7,0.7,Low
calc hw sheet 9 this week,Homework,Hard,5,4.3,Medium
prep for deep learning quiz tonight,Quiz,Easy,1,1.4,High
mini test PHYS,Quiz,Medium,4,0.9,Medium
oh no review everything for networks exam tmr help,Exam,Medium,1,4.3,High
revise DB for final gotta do this,Exam,Hard,3,4.3,Medium
write ai report,Project,Medium,7,3.7,Low
omg study for nets exam asap,Exam,Easy,1,2.1,High
review deep learning notes for exam gotta do this,Exam,Easy,5,2.8,Medium
stat quiz prep,Quiz,Medium,7,0.8,Low
Networks hw?? ch10,Homework,Hard,6,2.7,Low
English exercises ch6 - due tomorrow,Homework,Medium,2,3.4,High
Chem final project need to finish,Project,Hard,4,6.5,Medium
FINAL EXAM MATH no rush,Exam,Medium,7,4.8,Low
review everything for physics exam gotta do this,Exam,Hard,5,4.2,Medium
that DB quiz,Quiz,Medium,1,0.7,High
deep learning project submission - this week,Project,Hard,4,4.1,Medium
the ml project thing ASAP,Project,Medium,2,4.9,High
panic mode: Bio exam tmr study ASAP!!,Exam,Medium,2,3.1,High
review chemm notes for exam no rush tho,Exam,Hard,6,6.3,Low
prep for ML quiz,Quiz,Easy,6,1.3,Low
the stat project thing eventually lol,Project,Medium,6,3.3,Low
code project research ASAP,Project,Hard,1,6.3,High
PHYS project (group work),Project,Hard,5,5.0,Medium
group project eng due tmr!!,Project,Medium,1,3.6,High
ppt for stats project,Project,Medium,2,4.1,High
chemm presentation slides scheduled,Project,Hard,5,4.9,Medium
english presentation slides someday,Project,Easy,6,3.8,Low
ML project research,Project,Medium,5,3.6,Medium
study for ml midterm - due tomorrow,Exam,Hard,2,5.7,High
do software hw gotta do this,Homework,Medium,5,3.0,Medium
revise ml for final,Exam,Hard,4,6.3,Medium
the deep learning project thing,Project,Hard,3,6.0,Medium
study for calculus midterm - due tomorrow,Exam,Hard,1,6.2,High
quiz review programming tomorrow 😭,Quiz,Hard,1,2.1,High
cramming Stats exam,Exam,Easy,7,2.9,Low
prep for bioo midterm no rush,Exam,Hard,6,7.0,Low
review Stats for quiz tonight,Quiz,Medium,1,0.8,High
chemistry assignment idk which one - due tomorrow,Homework,Medium,1,3.5,High
ai project (group work) scheduled,Project,Easy,3,3.3,Medium
do the AI hw,Homework,Medium,7,3.4,Low
that chem assignment - due tomorrow,Homework,Hard,2,3.8,High
review everything for eng exam,Exam,Hard,4,5.0,Medium
chem project (group work) idk when,Project,Hard,7,4.3,Low
all nighter for stats midterm prep ASAP!!,Exam,Medium,2,4.2,High
eng quiz practice,Quiz,Easy,3,1.3,Medium
finish database hw - this week,Homework,Medium,3,2.8,Medium
maths project report,Project,Hard,3,4.0,Medium
programming quiz tmr!!,Quiz,Easy,1,1.1,High
submit deep learning project this week,Project,Hard,3,5.6,Medium
omg PHYS exam revision !!,Exam,Medium,1,3.9,High
MATH quiz practice,Quiz,Hard,5,2.6,Medium
Networks lab report,Project,Medium,5,4.2,Medium
MATH presentation slides this week,Project,Medium,3,5.0,Medium
group project statistics whenever,Project,Medium,6,4.2,Low
study database ch8 for exam idk when,Exam,Easy,7,2.6,Low
panic mode: study chemm ch7 for exam tonight rn,Exam,Medium,2,5.0,High
gotta study DB exam,Exam,Hard,6,4.4,Low
gotta study chemm exam lol whenever,Exam,Easy,7,2.2,Low
study for bioo midterm this week,Exam,Hard,5,4.7,Medium
quick STATS quiz study tomorrow 😭,Quiz,Medium,2,1.6,High
do BIO hw someday,Homework,Medium,6,2.6,Low
calc quiz practice,Quiz,Hard,2,1.7,High
finish CS project,Project,Hard,4,5.4,Medium
that dbms assignment gotta do this,Homework,Easy,5,0.7,Medium
physics hw sheet 1 DUE TOMORROW,Homework,Medium,2,3.1,High
Bio quiz someday,Quiz,Easy,7,0.5,Low
ml problem set 7 eventually lol,Homework,Medium,7,2.5,Low
ai test eventually lol,Quiz,Easy,7,1.3,Low
db quiz (ch5-7) tmr,Quiz,Medium,2,1.5,High
finish bio assignment whenever,Homework,Easy,7,1.3,Low
group project Stats need to finish,Project,Hard,4,5.9,Medium
study for Bio exam,Exam,Medium,3,4.4,Medium
Chem final project - this week,Project,Medium,5,3.1,Medium
finish writing hw,Homework,Medium,7,2.7,Low
group project ML tonight,Project,Medium,1,4.5,High
do physics hw scheduled,Homework,Hard,3,4.8,Medium
mini test db,Quiz,Medium,6,1.2,Low
writing final exam study this week,Exam,Medium,5,5.3,Medium
study for deep learning exam DUE TOMORROW,Exam,Medium,2,4.8,High
those stats problems from class due tmr,Homework,Medium,1,2.4,High
bio assignment ch9 tonight rn,Homework,Easy,1,1.5,High
Physics project draft v4 urgent!!,Project,Medium,1,3.1,High
💀 biology final exam study due tonight,Exam,Hard,2,6.9,High
those dbms problems from class need to finish,Homework,Medium,5,1.6,Medium
database project submission lol whenever,Project,Medium,7,5.5,Low
bio problem set 1 gotta do this,Homework,Hard,5,3.7,Medium
finish writing project ASAP,Project,Medium,1,5.3,High
database weekly quiz tmr!!,Quiz,Medium,1,2.0,High
review everything for ai exam idk when,Exam,Medium,6,4.2,Low
review network for quiz - this week,Quiz,Hard,5,1.6,Medium
mini test eng working on it,Quiz,Hard,5,2.6,Medium
network hw (the hard one),Homework,Easy,7,1.1,Low
prep for english quiz need to finish,Quiz,Easy,5,0.5,Medium
panic mode: programming final exam study literally tonight,Exam,Medium,1,3.2,High
panic mode: network midterm prep tomorrow 😭,Exam,Medium,1,3.7,High
network quiz - low priority,Quiz,Hard,6,2.9,Low
oh no coding quiz,Quiz,Easy,7,1.0,Low
do English hw tmr!!,Homework,Hard,1,2.6,High
writing quiz 10 tonight,Quiz,Medium,2,1.8,High
all nighter for bio exam revision DUE TOMORROW,Exam,Medium,2,3.6,High
submit ML project,Project,Medium,6,2.7,Low
study stats ch9 for exam eventually lol,Exam,Easy,7,3.7,Low
deep learning quiz prep scheduled,Quiz,Easy,3,1.5,Medium
physics homework problems due tonight,Homework,Hard,2,3.4,High
BIO quiz someday,Quiz,Easy,7,0.7,Low
finish db project whenever,Project,Medium,7,3.6,Low
study for machine learning final eventually lol,Exam,Hard,6,5.9,Low
😭 Stats exam practice DUE TOMORROW,Exam,Easy,2,2.2,High
study for machine learning exam working on it,Exam,Medium,5,4.3,Medium
statistics quiz 5 this week,Quiz,Medium,5,0.6,Medium
review software for quiz someday,Quiz,Medium,6,1.8,Low
code assignment ch5 DUE TOMORROW,Homework,Medium,1,1.7,High
CS presentation slides gotta do this,Project,Hard,3,6.9,Medium
stat hw ch7 !!,Homework,Easy,1,1.1,High
cramming Networks exam this week,Exam,Medium,4,5.0,Medium
ML project draft v5 lol whenever,Project,Medium,7,3.8,Low
cramming writing exam scheduled,Exam,Hard,5,5.3,Medium
ML slides,Project,Medium,3,5.2,Medium
db problem set 4 tomorrow 😭,Homework,Medium,1,2.5,High
solve db problems 9 to 14 - low priority,Homework,Medium,6,2.4,Low
Physics lab report eventually lol,Project,Hard,7,6.1,Low
Networks exam study lol whenever,Exam,Hard,6,6.4,Low
work on cs project working on it,Project,Medium,5,4.7,Medium
algebra hw sheet 10 ASAP!!,Homework,Medium,1,2.5,High
software exam practice,Exam,Hard,5,6.4,Medium
oh no cramming statistics exam !!,Exam,Hard,2,5.4,High
networking problem set 1 idk when,Homework,Easy,6,1.6,Low
mini test math tmr!!,Quiz,Easy,2,1.1,High
prep for PHYS quiz eventually lol,Quiz,Medium,6,1.0,Low
phys quiz practice,Quiz,Medium,7,1.1,Low
writing project draft v5,Project,Medium,3,4.4,Medium
software project report,Project,Medium,3,5.2,Medium
networking homework problems need to finish,Homework,Easy,4,1.4,Medium
submit lit project tmr 😭,Project,Medium,1,3.8,High
study chem ch5 for exam scheduled,Exam,Medium,5,3.8,Medium
ML presentation slides urgent!!,Project,Hard,1,6.0,High
bio hw problems 8-12 no rush tho,Homework,Hard,7,4.7,Low
ugh databases quiz,Quiz,Hard,7,1.9,Low
network assignment idk which one tonight rn,Homework,Medium,2,2.0,High
oh no calc quiz,Quiz,Medium,3,1.1,Medium
Physics exercises ch9,Homework,Medium,3,1.8,Medium
finish eng assignment asap,Homework,Medium,2,1.6,High
ugh Stats quiz ASAP,Quiz,Hard,2,2.8,High
prep for statistics quiz no rush tho,Quiz,Easy,7,0.7,Low
need to review AI for midterm !!,Exam,Medium,1,5.2,High
networks exam tmr study working on it,Exam,Medium,4,4.7,Medium
quiz review machine learning,Quiz,Medium,2,1.2,High
chem hw (the hard one) - this week,Homework,Hard,5,3.0,Medium
finish bioo hw gotta do this,Homework,Medium,3,1.9,Medium
cs slides tonight,Project,Medium,1,4.8,High
do chemistry hw tomorrow 😭,Homework,Easy,1,0.8,High
panic mode: prep for stat midterm literally tonight,Exam,Hard,2,5.2,High
study for phys exam no rush,Exam,Medium,6,4.0,Low
nets quiz idk what chapters whenever,Quiz,Easy,7,1.4,Low
DB project research,Project,Medium,4,2.6,Medium
study for Stats exam working on it,Exam,Medium,3,3.8,Medium
stats pop quiz - low priority,Quiz,Medium,7,1.4,Low
Math midterm prep,Exam,Easy,3,3.2,Medium
quick chemistry quiz study tomorrow 😭,Quiz,Medium,1,0.8,High
review everything for comp sci exam,Exam,Hard,3,6.5,Medium
finish Chem assignment working on it,Homework,Medium,3,3.4,Medium
panic mode: gotta study maths exam tmr!!,Exam,Hard,2,6.3,High
do the chem hw eventually lol,Homework,Hard,6,4.7,Low
that big Networks project lol whenever,Project,Easy,7,1.9,Low
bioo assignment idk which one ASAP!!,Homework,Hard,2,3.4,High
Physics project research,Project,Medium,4,3.6,Medium
lit exam practice scheduled,Exam,Medium,5,5.0,Medium
group project Physics,Project,Hard,5,5.5,Medium
Physics hw problems 10-12,Homework,Hard,5,3.5,Medium
databases project (group work) tonight,Project,Easy,2,2.7,High
CHEM final project urgent!!,Project,Hard,1,5.2,High
do the dbms hw working on it,Homework,Medium,3,3.4,Medium
Bio quiz prep,Quiz,Easy,4,1.2,Medium
research report ml working on it,Project,Medium,4,4.3,Medium
finish DB project,Project,Hard,3,5.0,Medium
those CS problems from class,Homework,Hard,5,3.0,Medium
mini test physics,Quiz,Medium,1,1.4,High
group project databases tmr 😭,Project,Easy,2,2.8,High
💀 cs final exam study tonight rn,Exam,Easy,1,2.3,High
chemm group project presentation no rush tho,Project,Medium,6,3.6,Low
quiz review PHYS gotta do this,Quiz,Medium,5,1.0,Medium
that phys quiz tonight,Quiz,Easy,2,0.7,High
review everything for calculus exam,Exam,Hard,5,4.3,Medium
do the Bio hw due tonight,Homework,Hard,1,4.9,High
comp sci pop quiz ASAP,Quiz,Easy,2,1.5,High
gotta study CHEM exam,Exam,Hard,7,6.5,Low
do phys hw lol whenever,Homework,Medium,7,1.8,Low
stat project research urgent!!,Project,Hard,1,4.3,High
algebra lab report,Project,Easy,5,2.1,Medium
study for ml final DUE TOMORROW,Exam,Hard,2,5.8,High
coding hw (the hard one) eventually lol,Homework,Medium,7,1.7,Low
forgot about software test study tmr help,Exam,Hard,1,5.4,High
do networks hw,Homework,Medium,3,2.7,Medium
code problem set 5,Homework,Medium,4,2.8,Medium
stat project research gotta do this,Project,Medium,3,4.2,Medium
deep learning exam practice,Exam,Hard,7,4.6,Low
finish Networks hw this week,Homework,Medium,4,1.7,Medium
prep for deep learning midterm gotta do this,Exam,Hard,4,5.6,Medium
prep for calc midterm this week,Exam,Medium,3,4.8,Medium
review physics for quiz gotta do this,Quiz,Medium,3,1.7,Medium
oh no maths quiz need to finish,Quiz,Easy,3,1.3,Medium
research report english whenever,Project,Hard,6,5.9,Low
review math for quiz - this week,Quiz,Medium,5,1.6,Medium
study for chemm exam gotta do this,Exam,Hard,3,5.1,Medium
submit Chem project working on it,Project,Hard,4,5.4,Medium
lit assignment ch1 need to finish,Homework,Medium,4,2.0,Medium
databases test this week,Quiz,Easy,4,1.4,Medium
coding homework ch7 idk when,Homework,Medium,6,2.3,Low
writing exercises ch3,Homework,Hard,6,4.9,Low
DB hw?? ch5,Homework,Easy,5,1.1,Medium
study Networks ch6 for exam,Exam,Medium,6,3.1,Low
research report Physics - this week,Project,Hard,5,5.7,Medium
networks slides gotta do this,Project,Medium,4,4.8,Medium
comp sci final exam study,Exam,Medium,4,4.7,Medium
do English hw tomorrow 😭,Homework,Hard,1,3.4,High
ML exam practice,Exam,Hard,3,4.7,Medium
Stats quiz,Quiz,Hard,7,1.6,Low
work on calc project - low priority,Project,Medium,6,4.0,Low
algebra assignment idk which one tmr!!,Homework,Medium,2,3.2,High
code exercises ch7 no rush tho,Homework,Easy,6,0.7,Low
quiz review statistics this week,Quiz,Medium,4,1.6,Medium
do biology hw eventually lol,Homework,Hard,6,4.4,Low
submit writing project ASAP,Project,Medium,1,5.4,High
quiz review dbms - this week,Quiz,Medium,5,1.9,Medium
prep for Networks quiz,Quiz,Medium,4,1.3,Medium
English pop quiz gotta do this,Quiz,Easy,3,0.5,Medium
deep learning project (group work),Project,Medium,5,2.8,Medium
PHYS quiz practice whenever,Quiz,Medium,7,1.5,Low
bio homework ch6 lol whenever,Homework,Easy,6,1.2,Low
that lit quiz,Quiz,Hard,7,2.1,Low
FINAL EXAM Math scheduled,Exam,Medium,3,4.7,Medium
that ML quiz tonight,Quiz,Medium,2,1.4,High
do lit hw working on it,Homework,Medium,4,3.1,Medium
quick algebra quiz study tonight,Quiz,Easy,2,1.4,High
DB hw sheet 7 !!,Homework,Medium,1,2.0,High
FINAL EXAM english,Exam,Medium,7,3.5,Low
all nighter for study for chemm midterm asap,Exam,Easy,2,2.9,High
revise for lit quiz no rush,Quiz,Easy,7,1.0,Low
submit databases assignment DUE TOMORROW,Homework,Easy,1,1.5,High
that big calc project urgent!!,Project,Medium,2,4.6,High
algebra quiz,Quiz,Hard,2,2.2,High
ppt for networking project tonight,Project,Medium,2,3.9,High
group project statistics,Project,Medium,2,2.6,High
do the writing hw tonight rn,Homework,Medium,2,2.9,High
study for code quiz tmr!!,Quiz,Easy,1,0.9,High
review machine learning for quiz,Quiz,Easy,5,0.7,Medium
quick BIO quiz study tomorrow 😭,Quiz,Medium,1,0.5,High
finish STATS project,Project,Medium,6,3.6,Low
network problem set 2 no rush tho,Homework,Hard,6,4.6,Low
coding exercises ch7 due tonight,Homework,Easy,2,1.2,High
finish Physics project someday,Project,Easy,6,3.1,Low
oh no review Math notes for exam asap,Exam,Easy,1,2.4,High
research report phys - low priority,Project,Medium,7,3.5,Low
BIO quiz practice tonight,Quiz,Medium,1,0.6,High
the calc project thing - low priority,Project,Medium,6,3.9,Low
Networks final exam study,Exam,Hard,4,7.0,Medium
finish ML assignment need to finish,Homework,Medium,4,3.0,Medium
deep learning report draft no rush tho,Project,Medium,6,4.4,Low
quiz review stat tmr!!,Quiz,Easy,2,1.1,High
English finals study session asap,Exam,Hard,1,6.0,High
work on stats project working on it,Project,Easy,4,3.4,Medium
prep for chemistry quiz working on it,Quiz,Medium,5,1.1,Medium
review nets for quiz lol whenever,Quiz,Easy,6,0.7,Low
cs slides need to finish,Project,Hard,3,5.8,Medium
revise statistics for final,Exam,Medium,5,3.4,Medium
study for STATS quiz,Quiz,Easy,1,1.0,High
ML exam study idk when,Exam,Hard,7,4.6,Low
research report deep learning ASAP,Project,Medium,2,5.3,High
cs pop quiz this week,Quiz,Easy,3,1.4,Medium
Physics project submission,Project,Hard,7,6.5,Low
stats hw (the hard one),Homework,Easy,5,1.9,Medium
finish database project urgent!!,Project,Medium,2,4.6,High
all nighter for study for stats exam ASAP!!,Exam,Hard,1,5.2,High
that ML assignment !!,Homework,Medium,1,2.2,High
programming quiz ch6 - low priority,Quiz,Medium,6,0.9,Low
that stats assignment - this week,Homework,Hard,5,4.2,Medium
db hw problems 9-11 due tonight,Homework,Hard,2,2.7,High
oh no statistics final exam study tomorrow 😭,Exam,Hard,2,4.6,High
oh no study for bio midterm tomorrow 😭,Exam,Medium,2,5.1,High
eng presentation slides,Project,Hard,6,4.0,Low
that coding assignment no rush tho,Homework,Medium,6,2.6,Low
study for math final someday,Exam,Hard,6,6.1,Low
ai midterm prep,Exam,Hard,3,6.9,Medium
chemm quiz idk what chapters tmr,Quiz,Medium,1,1.3,High
chem report draft lol whenever,Project,Medium,7,2.9,Low
study for software quiz,Quiz,Medium,7,1.0,Low
forgot about bioo exam tmr study tomorrow 😭,Exam,Hard,1,4.6,High
Networks final exam study scheduled,Exam,Hard,5,5.4,Medium
FINAL EXAM networking someday,Exam,Hard,6,4.4,Low
review everything for ML exam,Exam,Hard,6,4.2,Low
Physics report draft,Project,Medium,7,3.7,Low
group project algebra ASAP,Project,Hard,1,4.4,High
finish chemm assignment tmr help,Homework,Medium,2,3.1,High
revise CHEM for final no rush,Exam,Easy,7,2.3,Low
Math assignment ch9 this week,Homework,Medium,5,3.4,Medium
HELP database exam study literally tonight,Exam,Hard,2,7.0,High
do CS hw tomorrow 😭,Homework,Easy,2,1.4,High
that stats quiz,Quiz,Easy,5,1.0,Medium
dbms project draft v2 this week,Project,Hard,3,5.7,Medium
BIO project research gotta do this,Project,Hard,4,4.3,Medium
DB quiz 9 no rush,Quiz,Medium,6,1.7,Low
that biology assignment idk when,Homework,Easy,7,2.0,Low
study writing ch2 for exam tonight rn,Exam,Medium,2,5.1,High
ugh bioo quiz,Quiz,Easy,3,0.7,Medium
ML presentation slides,Project,Hard,7,5.7,Low
all nighter for revise programming for final tmr help,Exam,Medium,1,4.3,High
study db ch1 for exam tmr help,Exam,Medium,1,3.7,High
english project research tonight,Project,Hard,1,4.7,High
finish chem project,Project,Medium,4,4.0,Medium
databases quiz practice,Quiz,Medium,4,1.1,Medium
BIO quiz prep idk when,Quiz,Medium,7,1.2,Low
PHYS project draft v4 whenever,Project,Medium,7,3.6,Low
database quiz prep - this week,Quiz,Easy,3,1.3,Medium
ppt for software project lol whenever,Project,Medium,7,5.0,Low
review physics for quiz need to finish,Quiz,Medium,5,1.3,Medium
FINAL EXAM chemistry working on it,Exam,Hard,5,4.6,Medium
nets project submission tonight,Project,Hard,1,7.0,High
prep for networks midterm,Exam,Hard,7,4.9,Low
mini test network no rush,Quiz,Medium,7,1.1,Low
finish algebra assignment DUE TOMORROW,Homework,Medium,2,3.2,High
writing homework ch7 tmr help,Homework,Medium,1,3.5,High
study for db quiz,Quiz,Medium,5,0.7,Medium
phys pop quiz tomorrow 😭,Quiz,Medium,2,1.5,High
Physics quiz prep tonight,Quiz,Easy,1,0.7,High
review DB for quiz,Quiz,Easy,4,0.7,Medium
revise for lit quiz no rush,Quiz,Medium,6,1.7,Low
algebra quiz idk what chapters scheduled,Quiz,Hard,3,2.5,Medium
finish deep learning assignment - due tomorrow,Homework,Easy,2,1.7,High
databases hw (the hard one) scheduled,Homework,Hard,4,3.9,Medium
hw dbms ch1-2,Homework,Hard,6,4.0,Low
study for bioo midterm scheduled,Exam,Medium,5,3.1,Medium
study for BIO quiz tonight,Quiz,Hard,1,2.2,High
work on chemm project,Project,Medium,7,3.4,Low
review bio for quiz working on it,Quiz,Easy,3,1.4,Medium
those calculus problems from class tonight rn,Homework,Medium,2,1.8,High
english problem set 7 working on it,Homework,Easy,5,1.2,Medium
that big math project this week,Project,Easy,5,2.3,Medium
study ML ch9 for exam,Exam,Hard,7,5.2,Low
finish ML assignment - low priority,Homework,Hard,6,4.2,Low
submit algebra project,Project,Hard,3,5.8,Medium
bio problem set 9 due tmr,Homework,Medium,2,3.3,High
oh no statistics quiz - this week,Quiz,Easy,4,0.8,Medium
software test gotta do this,Quiz,Hard,5,2.2,Medium
cramming physics exam scheduled,Exam,Hard,5,4.1,Medium
ugh coding quiz tomorrow 😭,Quiz,Hard,2,1.7,High
stats assignment idk which one - low priority,Homework,Medium,6,3.5,Low
stats project submission - this week,Project,Easy,5,1.7,Medium
oh no software final exam study - due tomorrow,Exam,Hard,1,5.5,High
Networks hw sheet 5 ASAP!!,Homework,Hard,1,4.9,High
PHYS quiz prep,Quiz,Hard,3,2.2,Medium
BIO project research urgent!!,Project,Medium,1,5.2,High
mini test english tmr!!,Quiz,Easy,1,0.9,High
revise software for final,Exam,Hard,7,6.1,Low
stats group project presentation this week,Project,Medium,5,4.0,Medium
chemm problem set 7 need to finish,Homework,Easy,4,0.6,Medium
work on Bio project,Project,Hard,7,4.2,Low
do the phys hw gotta do this,Homework,Medium,4,3.0,Medium
chemm test eventually lol,Quiz,Easy,7,1.3,Low
comp sci slides no rush,Project,Hard,6,5.2,Low
that big cs project whenever,Project,Hard,6,4.7,Low
Physics report draft ASAP,Project,Medium,1,4.3,High
do CHEM hw,Homework,Hard,6,3.1,Low
finish bioo hw need to finish,Homework,Medium,5,3.5,Medium
deep learning homework problems scheduled,Homework,Hard,5,2.7,Medium
quiz review calc,Quiz,Easy,1,0.7,High
quick bio quiz study tmr!!,Quiz,Easy,1,0.6,High
English report draft,Project,Medium,4,5.2,Medium
review chemistry for quiz this week,Quiz,Hard,3,2.2,Medium
physics assignment idk which one need to finish,Homework,Easy,5,1.8,Medium
ml final project,Project,Medium,1,3.6,High
algebra quiz prep someday,Quiz,Easy,7,0.7,Low
db midterm prep idk when,Exam,Easy,6,2.7,Low
db project (group work) due tmr!!,Project,Easy,1,3.4,High
prep for CHEM midterm - low priority,Exam,Hard,6,5.5,Low
😭 bio exam tmr study !!,Exam,Medium,1,4.0,High
Physics weekly quiz someday,Quiz,Hard,7,1.8,Low
prep for software quiz tonight,Quiz,Easy,1,0.9,High
that BIO quiz eventually lol,Quiz,Hard,6,2.0,Low
ai project research - this week,Project,Hard,5,6.5,Medium
lit exercises ch4 someday,Homework,Hard,7,3.0,Low
write databases report,Project,Medium,4,4.5,Medium
revise for software quiz ASAP,Quiz,Medium,1,1.1,High
do chemm hw,Homework,Medium,3,2.5,Medium
URGENT: revise programming for final tmr help,Exam,Easy,1,2.7,High
review chemm notes for exam,Exam,Easy,4,4.0,Medium
mini test statistics tmr,Quiz,Hard,2,2.3,High
db assignment ch7 scheduled,Homework,Easy,5,1.8,Medium
mini test BIO - low priority,Quiz,Hard,7,1.5,Low
bio hw ch6 - this week,Homework,Hard,3,5.0,Medium
networks final exam study idk when,Exam,Hard,6,5.0,Low
network project draft v1 due tmr!!,Project,Hard,1,6.7,High
